"toolId";"toolName";"programId"
1;"Differentiated Service Delivery Register";1
2;"Chronic Art Register";1
3;"Budget Act 934 HIV/TB Data Analysis Report";1
4;"HIV Client Intake Forms; A4";1
5;"Pre-ART Register";1
6;"Occupational Exposure Register; A3";1
7;"Facility High Viral Load Form Book; A4";1
8;"VMMC Client Card; A5";2
9;"VMMC Consent Forms - A4";2
10;"HIV Testing Services A3(HTS)";2
11;"HIV Self Testing Register";2
12;"HIV Contact Tracing Register";2
13;"Mother Baby pair register";3
14;"ANC register";3
15;"Delivery register";3
16;"DNA/PCR clinic register";3
17;"Exposed infant register";3
18;"Infant/Child HIV Syphilis case notification form";3
19;"Community Referral Book";4
20;"Modified SOP for Defaulter Tracking in Zimbabwe";4
21;"Facilitator's Training Manual";4
22;"TB Outcome Request Form Form; A4";5
24;"Facility Community Referal Form";5
25;"TB & HIV Programme Referral Transfer Form";5
26;"TB & HIV Programs Training Manual";5
27;"STI Register - A4";2
28;"PrEP Register - A4";2
29;"PEP Register - A4";2
30;"STI Client Intake Form";2
31;"Sexual Partner notification slip";2
